<?xml version="1.0" encoding="utf-8"?>
<extension type="module" version="3.1" client="site" method="upgrade">
	<name>mod_agiframewrapper</name>
	<author>Astrid Günther</author>
	<creationDate>2019-01-13</creationDate>
	<copyright>Copyright (C) 2019 Open Source Matters. All rights reserved.</copyright>
	<license>GNU General Public License version 2 or later;</license>
	<authorEmail>info@astrid-guenther.de</authorEmail>
	<authorUrl>www.astrid-guenther.de</authorUrl>
	<version>1.0.0</version>
	<description>MOD_WRAPPER_XML_DESCRIPTION</description>
	<files>
		<filename module="mod_agiframewrapper">mod_agiframewrapper.php</filename>
		<folder>language</folder>
		<folder>tmpl</folder>
		<filename>helper.php</filename>
	</files>
	<media destination="mod_agiframewrapper" 
               folder="media/mod_agiframewrapper">
		<folder>js</folder>
	</media>
	<help key="JHELP_EXTENSIONS_MODULE_MANAGER_WRAPPER" />
	<config>
		<fields name="params">
			<fieldset name="basic">
				<field
					name="url"
					type="text"
					label="MOD_WRAPPER_FIELD_URL_LABEL"
					description="MOD_WRAPPER_FIELD_URL_DESC"
					size="30"
					required="true"
				/>

				<field
					name="add"
					type="radio"
					label="MOD_WRAPPER_FIELD_ADD_LABEL"
					description="MOD_WRAPPER_FIELD_ADD_DESC"
					class="btn-group btn-group-yesno"
					default="1"
					filter="integer"
					>
					<option value="1">JYES</option>
					<option value="0">JNO</option>
				</field>

				<field
					name="scrolling"
					type="list"
					label="MOD_WRAPPER_FIELD_SCROLL_LABEL"
					description="MOD_WRAPPER_FIELD_SCROLL_DESC"
					default="auto"
					>
					<option value="auto">MOD_WRAPPER_FIELD_VALUE_AUTO</option>
					<option value="no">JNO</option>
					<option value="yes">JYES</option>
				</field>

				<field
					name="width"
					type="text"
					label="MOD_WRAPPER_FIELD_WIDTH_LABEL"
					description="MOD_WRAPPER_FIELD_WIDTH_DESC"
					size="5"
					default="100%"
				/>

				<field
					name="height"
					type="text"
					label="MOD_WRAPPER_FIELD_HEIGHT_LABEL"
					description="MOD_WRAPPER_FIELD_HEIGHT_DESC"
					size="5"
					default="200"
				/>

				<field
					name="height_auto"
					type="radio"
					label="MOD_WRAPPER_FIELD_AUTOHEIGHT_LABEL"
					description="MOD_WRAPPER_FIELD_AUTOHEIGHT_DESC"
					class="btn-group btn-group-yesno"
					default="1"
					filter="integer"
					>
					<option value="1">JYES</option>
					<option value="0">JNO</option>
				</field>

				<field
					name="frameborder"
					type="radio"
					label="MOD_WRAPPER_FIELD_FRAME_LABEL"
					description="MOD_WRAPPER_FIELD_FRAME_DESC"
					class="btn-group btn-group-yesno"
					default="1"
					filter="integer"
					>
					<option value="1">JYES</option>
					<option value="0">JNO</option>
				</field>

				<field
					name="target"
					type="text"
					label="MOD_WRAPPER_FIELD_TARGET_LABEL"
					description="MOD_WRAPPER_FIELD_TARGET_DESC"
					size="30"
				/>
			</fieldset>
			<fieldset name="advanced">
				<field
					name="layout"
					type="modulelayout"
					label="JFIELD_ALT_LAYOUT_LABEL"
					description="JFIELD_ALT_MODULE_LAYOUT_DESC"
				/>

				<field
					name="moduleclass_sfx"
					type="textarea"
					label="COM_MODULES_FIELD_MODULECLASS_SFX_LABEL"
					description="COM_MODULES_FIELD_MODULECLASS_SFX_DESC"
					rows="3"
				/>

				<field
					name="cache"
					type="list"
					label="COM_MODULES_FIELD_CACHING_LABEL"
					description="COM_MODULES_FIELD_CACHING_DESC"
					default="1"
					filter="integer"
					>
					<option value="1">JGLOBAL_USE_GLOBAL</option>
					<option value="0">COM_MODULES_FIELD_VALUE_NOCACHING</option>
				</field>

				<field
					name="cache_time"
					type="number"
					label="COM_MODULES_FIELD_CACHE_TIME_LABEL"
					description="COM_MODULES_FIELD_CACHE_TIME_DESC"
					default="900"
					filter="integer"
				/>

				<field
					name="cachemode"
					type="hidden"
					default="static"
					>
					<option value="static"></option>
				</field>
			</fieldset>
		</fields>
	</config>
	<updateservers>
		<server 
                    type="extension" 
                    name="mod_agiframewrapper Update Site">
                    https://raw.githubusercontent.com/astridx/mod_agiframewrapper/master/agiframewrapper-update.xml
                </server>
	</updateservers> 
</extension>
